No. Of Ads,Ranking,rank/ads,Target,Keywords,Header,Text,URL,Location,Timestamp
3,2,0.666666667,1,Washington fine dining restaurant,2941 Restaurant,$20.10 special lunch menu all month 3.5 stars - Washington Post ,2941.com,,1269153593
2,1,0.5,1,New York Indian restaurant,Royal Bengal Restaurant,$5 off with $30 or More/Take Out 617) 491-1988 ,www.bengalicafe.com,New York,1269055879
3,2,0.666666667,1,Washington romantic restaurant,2941 Restaurant,$58 Four-Course Dinner Menu M-F 3.5 stars - Washington Post ,2941.com,,1269154125
4,1,0.25,1,New York Italian restaurant,Nocello,(212) 713-0224 Best Italian Restaurant in New York ,www.nocello.net,"257 W 55th St, New York, NY",1269048685
3,1,0.333333333,1,Philadelphia Sushi restaurant,Sushi Planet,(215) 922-5000 Order online or by phone ,www.sushi-planet.com,,1269051612
3,2,0.666666667,1,Houston romantic restaurant,Kemah Dinner Cruises -$59,"2 Hrs, Dinner &amp; Dancing. Perfect for Birthdays &amp; Anniversaries! ",www.StarFleetYachts.com,"Houston, TX",1269153921
2,2,1,0,Seattle Steak restaurant,13 Coins Seattle,24 Hour Dining Seattle Seattle and SeaTac Airport Location ,13coins.com/,,1269054233
3,2,0.666666667,1,Denver best restaurant,The White Chocolate Grill,A contemporary American Restaurant serving honest American food. ,www.whitechocolategrill.com,,1269155508
4,1,0.25,1,Chicago best restaurant,Top Chicago Restaurant,A Grand 1940s Dinner Club. View Wildfire&#39;s Delicious Menu ,www.wildfirerestaurant.com,,1269155301
4,3,0.75,0,Chicago romantic restaurant,Top Chicago Restaurant,A Grand 1940s Dinner Club. View Wildfire&#39;s Delicious Menu ,www.wildfirerestaurant.com,,1269153906
3,3,1,0,Virginia Beach best restaurant,Fine Italian Dining,Aldo&#39;s Ristorante - Award Winning Wine Spectator Award Since 1995 ,www.AldosVB.com,"Norfolk-Portsmouth-Newport News,VA",1269155949
2,2,1,0,Virginia Beach Steak restaurant,Fine Italian Dining,Aldo&#39;s Ristorante - Award Winning Wine Spectator Award Since 1995 ,www.AldosVB.com,"Norfolk-Portsmouth-Newport News,VA",1269054396
5,3,0.6,1,Oakland Bar restaurant,Chili&#39;s Grill &amp; Bar,All of Our Appetizers Are Made To Order &amp; Too Good Not To Share! ,www.Chilis.com,,1269132791
4,2,0.5,1,Kansas City Mexican restaurant,Cinzetti&#39;s Restaurant,All You Can Eat Italian in Overland Park. Large Groups Welcome. ,www.Cinzzettis.com,"Kansas City, MO",1269152941
3,3,1,0,Houston Steakhouse restaurant,Mo&#39;s - A Place for Steaks,An elegant steakhouse located on Post Oak in Houston. 713-877-0720 ,www.MosAPlaceForSteaks.com,"Houston, TX",1269053107
2,1,0.5,1,Las Vegas Mexican restaurant,Hofbräuhaus Las Vegas,An Experience Unlike Any Other! Authentic Food. German Beer. ,www.hofbrauhauslasvegas.com,Nevada,1269152826
2,2,1,0,Kansas City best restaurant,Kansas City Restaurants,Are All Near Chateau Avalon 62 Romantic Theme Suites ! ,www.ChateauAvalonHotel.com,,1269155921
5,4,0.8,0,Oakland Mediterranean restaurant,Restaurant Recommendation,"At Larry&#39;s, we only reccommend the finest restaurants in California. ",www.AtLarrys.com,California,1269147001
3,1,0.333333333,1,Las Vegas Spanish restaurant,Via Brasil Steakhouse,Authentic Brazilian Steakhouse. Finest Meats Served Rodizio Style. ,www.viabrasilsteakhouse.com,1225 S. Fort Apache Rd. Suite 100,1269152259
2,2,1,0,Charlotte Chinese restaurant,Soho Bistro Charlotte NC,Authentic Chinese Food Takeout and Delivery to Uptown area ,www.Uptown2Go.com,"Charlotte, NC",1269050307
3,1,0.333333333,1,Chicago Indian restaurant,The India Grill,Authentic Indian Cuisine Parking Available / 312 662-1111 ,www.TheIndiaGrill.com,,1269055896
3,1,0.333333333,1,Seattle Italian restaurant,IL Fornaio Restaurant,Authentic Italian Food and Wine Lunch &amp; Dinner in Downtown Seattle! ,www.ILFornaio.com/Seattle,"Seattle-Tacoma, WA",1269048966
3,2,0.666666667,1,Seattle romantic restaurant,IL Fornaio Restaurant,Authentic Italian Food and Wine Lunch &amp; Dinner in Downtown Seattle! ,www.ILFornaio.com/Seattle,"Seattle-Tacoma, WA",1269154112
2,1,0.5,1,Seattle Steak restaurant,IL Fornaio Restaurant,Authentic Italian Food and Wine Lunch &amp; Dinner in Downtown Seattle! ,www.ILFornaio.com/Seattle,"Seattle-Tacoma, WA",1269054233
2,1,0.5,1,Las Vegas fine dining restaurant,IL Fornaio Restaurant,Authentic Italian Food. Located in New York-New York Hotel &amp; Casino. ,www.ILFornaio.com/LasVegas,"Las Vegas, NV",1269153599
4,3,0.75,0,Philadelphia romantic restaurant,Mamma Maria,Authentic Italian Restaurant. Call For Large Parties &amp; Banquets. ,www.MammaMaria.info,"1637 E. Passyunk Avenue, Philadelphia",1269153937
3,2,0.666666667,1,New York Sushi restaurant,AriRang Steak &amp; Sushi,"Authentic Japanese Restaurant. Parties, Happy Hr, Group Hibachi. ",www.PartyOnTheGrill.com,,1269051565
2,2,1,0,San Diego Sushi restaurant,Sushi Restaurant,Authentic Japanese Sushi Restaurant 3 Locations In San Diego County! ,www.LoveBoatSushi.com,"San Diego, CA",1269051639
4,2,0.5,1,Las Vegas Chinese restaurant,Chinese Restaurant Las Vegas,Authentic Thai And Chinese Cuisine &amp; Catering. Delivery To The Strip. ,www.kungfuplaza.com,,1269050419
3,2,0.666666667,1,Raleigh romantic restaurant,Talulla&#39;s,"Authentic Turkish &amp; Ottoman Cuisine Lounge, Live Music, Late Night... ",www.talullas.com,"Raleigh-Durham (Fayetteville), NC",1269154646
4,2,0.5,1,San Francisco Chinese restaurant,Brandy Ho&#39;s Hunan Food,"Award Winning Chinese Dining. Eat In, Delivery and To Go in SF. ",BrandyHos.com,,1269050243
3,1,0.333333333,1,Virginia Beach romantic restaurant,"White Post, VA Restaurant",Award Winning French Restaurant &amp; Exclusive Country Inn in Virginia. ,www.LaubergeProvencale.com,,1269154277
2,2,1,0,Charlotte best restaurant,"Sullivan&#39;s Charlotte, NC","Award Winning Steak, Seafood And Wine List. Call For Reservations ",www.sullivansteakhouse.com,,1269155449
2,1,0.5,1,Charlotte best restaurant,Del Frisco&#39;s Charlotte,"Award Winning Steak, Seafood And Wine List. Call For Reservations. ",www.DelFriscos.com,,1269155449
2,1,0.5,1,Charlotte Brazilian steakhouse,Del Frisco&#39;s Charlotte,"Award Winning Steak, Seafood And Wine List. Call For Reservations. ",www.DelFriscos.com,,1269148678
3,2,0.666666667,1,Charlotte Steakhouse restaurant,Del Frisco&#39;s Charlotte,"Award Winning Steak, Seafood And Wine List. Call For Reservations. ",www.DelFriscos.com,,1269053246
4,3,0.75,0,Dallas fine dining restaurant,"Del Frisco&#39;s Dallas, TX","Award Winning Steak, Seafood And Wine List. Call For Reservations. ",www.DelFriscos.com,,1269153409
3,2,0.666666667,1,Dallas Steak restaurant,"Del Frisco&#39;s Dallas, TX","Award Winning Steak, Seafood And Wine List. Call For Reservations. ",www.DelFriscos.com,,1269053690
2,2,1,0,Dallas Steakhouse restaurant,"Del Frisco&#39;s Dallas, TX","Award Winning Steak, Seafood And Wine List. Call For Reservations. ",www.DelFriscos.com,,1269053147
2,1,0.5,1,Fort Worth fine dining restaurant,Del Frisco&#39;s Fort Worth,"Award Winning Steak, Seafood And Wine List. Call For Reservations. ",www.DelFriscos.com,,1269153511
2,1,0.5,1,Fort Worth Greek restaurant,Del Frisco&#39;s Fort Worth,"Award Winning Steak, Seafood And Wine List. Call For Reservations. ",www.DelFriscos.com,,1269148103
2,1,0.5,1,Fort Worth Steak restaurant,Del Frisco&#39;s Fort Worth,"Award Winning Steak, Seafood And Wine List. Call For Reservations. ",www.DelFriscos.com,,1269054154
2,1,0.5,1,Fort Worth Steakhouse restaurant,Del Frisco&#39;s Fort Worth,"Award Winning Steak, Seafood And Wine List. Call For Reservations. ",www.DelFriscos.com,,1269053232
2,1,0.5,1,Houston best restaurant,"Del Frisco&#39;s Houston, TX","Award Winning Steak, Seafood And Wine List. Call For Reservations. ",www.DelFriscos.com,,1269155309
3,2,0.666666667,1,Houston Steak restaurant,"Del Frisco&#39;s Houston, TX","Award Winning Steak, Seafood And Wine List. Call For Reservations. ",www.DelFriscos.com,,1269053650
2,2,1,0,London fine dining restaurant,Del Frisco&#39;s Philadelphia,"Award Winning Steak, Seafood And Wine List. Call For Reservations. ",www.DelFriscos.com,,1269153842
3,2,0.666666667,1,Melbourne fine dining restaurant,Del Frisco&#39;s Philadelphia,"Award Winning Steak, Seafood And Wine List. Call For Reservations. ",www.DelFriscos.com,,1269153875
2,2,1,0,Mesa fine dining restaurant,Del Frisco&#39;s Philadelphia,"Award Winning Steak, Seafood And Wine List. Call For Reservations. ",www.DelFriscos.com,,1269153703
3,2,0.666666667,1,New York Steak restaurant,"Del Frisco&#39;s New York, NY","Award Winning Steak, Seafood And Wine List. Call For Reservations. ",www.DelFriscos.com,"New York, NY",1269053624
4,1,0.25,1,Philadelphia Bar restaurant,Del Frisco&#39;s Philadelphia,"Award Winning Steak, Seafood And Wine List. Call For Reservations. ",www.DelFriscos.com,,1269132416
3,1,0.333333333,1,Philadelphia best restaurant,Del Frisco&#39;s Philadelphia,"Award Winning Steak, Seafood And Wine List. Call For Reservations. ",www.DelFriscos.com,,1269155323
2,1,0.5,1,Austin best restaurant,"Sullivan&#39;s Austin, TX","Award Winning Steak, Seafood And Wine List. Call For Reservations. ",www.sullivansteakhouse.com,,1269155413
2,1,0.5,1,Austin fine dining restaurant,"Sullivan&#39;s Austin, TX","Award Winning Steak, Seafood And Wine List. Call For Reservations. ",www.sullivansteakhouse.com,,1269153491
3,2,0.666666667,1,Austin Steak restaurant,"Sullivan&#39;s Austin, TX","Award Winning Steak, Seafood And Wine List. Call For Reservations. ",www.sullivansteakhouse.com,,1269054143
3,2,0.666666667,1,Charlotte romantic restaurant,"Sullivan&#39;s Charlotte, NC","Award Winning Steak, Seafood And Wine List. Call For Reservations. ",www.sullivansteakhouse.com,,1269154040
3,2,0.666666667,1,Charlotte Steak restaurant,"Sullivan&#39;s Charlotte, NC","Award Winning Steak, Seafood And Wine List. Call For Reservations. ",www.sullivansteakhouse.com,,1269054168
3,3,1,0,Charlotte Steakhouse restaurant,"Sullivan&#39;s Charlotte, NC","Award Winning Steak, Seafood And Wine List. Call For Reservations. ",www.sullivansteakhouse.com,,1269053246
3,2,0.666666667,1,Chicago Steakhouse restaurant,"Sullivan&#39;s Chicago, IL","Award Winning Steak, Seafood And Wine List. Call For Reservations. ",www.sullivansteakhouse.com,"Chicago, IL",1269053098
2,1,0.5,1,Denver Steak restaurant,"Sullivan&#39;s Denver, CO","Award Winning Steak, Seafood And Wine List. Call For Reservations. ",www.sullivansteakhouse.com,,1269054222
2,2,1,0,Indianapolis best restaurant,Sullivan&#39;s Indianapolis,"Award Winning Steak, Seafood And Wine List. Call For Reservations. ",www.sullivansteakhouse.com,,1269155401
2,2,1,0,Indianapolis fine dining restaurant,Sullivan&#39;s Indianapolis,"Award Winning Steak, Seafood And Wine List. Call For Reservations. ",www.sullivansteakhouse.com,,1269153477
2,2,1,0,Indianapolis Steak restaurant,Sullivan&#39;s Indianapolis,"Award Winning Steak, Seafood And Wine List. Call For Reservations. ",www.sullivansteakhouse.com,,1269053752
2,2,1,0,Indianapolis Steakhouse restaurant,Sullivan&#39;s Indianapolis,"Award Winning Steak, Seafood And Wine List. Call For Reservations. ",www.sullivansteakhouse.com,,1269053198
2,1,0.5,1,London Steakhouse restaurant,Sullivan&#39;s Steakhouse PA.,"Award Winning Steak, Seafood And Wine List. Call For Reservations. ",www.sullivansteakhouse.com,,1269053575
2,1,0.5,1,Omaha Steakhouse restaurant,"Sullivan&#39;s Omaha, NE","Award Winning Steak, Seafood And Wine List. Call For Reservations. ",www.sullivansteakhouse.com,,1269053475
3,1,0.333333333,1,Raleigh best restaurant,"Sullivan&#39;s Raleigh, NC","Award Winning Steak, Seafood And Wine List. Call For Reservations. ",www.SullivanSteakHouse.com,,1269155987
2,1,0.5,1,Raleigh Mexican restaurant,"Sullivan&#39;s Raleigh, NC","Award Winning Steak, Seafood And Wine List. Call For Reservations. ",www.SullivanSteakHouse.com,,1269152995
2,1,0.5,1,Raleigh Steakhouse restaurant,"Sullivan&#39;s Raleigh, NC","Award Winning Steak, Seafood And Wine List. Call For Reservations. ",www.SullivanSteakHouse.com,,1269053519
3,1,0.333333333,1,Tucson Steak restaurant,"Sullivan&#39;s Tucson, AZ","Award Winning Steak, Seafood And Wine List. Call For Reservations. ",www.sullivansteakhouse.com,,1269054307
3,3,1,0,Boston best restaurant,Providence Restaurants,Awarded Best Italian Wine List Pane e Vino-Historic Federal Hill ,www.panevino.net,"Boston, MA",1269155474
3,3,1,0,Boston fine dining restaurant,Providence Restaurants,Awarded Best Italian Wine List Pane e Vino-Historic Federal Hill ,www.panevino.net,"Boston, MA",1269153545
3,2,0.666666667,1,Los Angeles Indian restaurant,Flavor of India,Best Indian Food in Los Angeles Home style Indian Cooking ,www.flavorofindia.com,"9045 Santa Monica Blvd, West Hollywood",1269055890
2,2,1,0,Los Angeles Vegetarian restaurant,Flavor of India,Best Indian Food in Los Angeles Home style Indian Cooking ,www.flavorofindia.com,"9045 Santa Monica Blvd, West Hollywood",1269054547
2,1,0.5,1,Kansas City Thai restaurant,Masalas Indian Restaurant,Best Indian Restaurant Kansas City Indian Buffet Overland Park KC ,www.kcmasalas.com,"7301 91st Street, Overland Park, KS 66212",1269049772
2,1,0.5,1,Baltimore romantic restaurant,Restaurant Mazzi,Best Romantic Italian Restaurant voted #1 by OpenTable ,www.restaurantmazzi.com,Maryland,1269154063
3,1,0.333333333,1,Mesa romantic restaurant,Restaurant Mazzi,Best Romantic Italian Restaurant voted #1 by OpenTable ,www.restaurantmazzi.com,Pennsylvania,1269154237
2,2,1,0,Miami Brazilian steakhouse,Flamma Brazilian Steak,Brazilian steakhouse Churrascaria North Miami Beach Fl 33160 ,www.flammasteakhouse.com,,1269150512
3,2,0.666666667,1,Austin Mexican restaurant,Austin Mexican Restaurant,"Breakfast, Lunch, &amp; Dinner. Enjoy Comfortable &amp; Casual Dining Today! ",ElBorregoDeOro.com,,1269152701
3,2,0.666666667,1,Las Vegas Bar restaurant,Bar Restaurant Las Vegas,Build Your Own Gourmet Burger. Close To Strip. View Menu Online. ,www.grindburgers.com,,1269132638
3,1,0.333333333,1,San Francisco French restaurant,French Restaurant,Café Claude - A French Restaurant Fantastic Food At Reasonable Prices ,www.cafeclaude.com,"San Francisco, CA",1269147231
2,1,0.5,1,San Francisco Bar restaurant,Bar &amp; Restaurant,Café Claude - Classic French Bistro Discover France In San Francisco! ,www.cafeclaude.com,"San Francisco, CA",1269132476
4,2,0.5,1,Colorado Springs fine dining restaurant,Colorado Springs Events,"Calendar of Arts, Music, Festivals, Fun in Colorado Springs Metro Area. ",www.PeakRadar.com,"Colorado Springs-Pueblo, CO",1269153807
2,2,1,0,New York Mediterranean restaurant,Belly Dancer Restaurant,Casa La Femme New York Romantic Middle Eastern Restaurant ,www.casalafemmeny.com,"New York, NY",1269142052
4,3,0.75,0,San Diego Steakhouse restaurant,The Shores Restaurant,Casual Ocean Front Dining. Great Views &amp; Wine. Reservations Online. ,www.TheShoresRestaurant.com,,1269053159
2,1,0.5,1,Atlanta Steak restaurant,Fleming&#39;s in Atlanta,"Celebrate tonight with the best steaks, wine and service in town. ",FlemingsSteakhouse.com,Georgia,1269054313
2,1,0.5,1,Atlanta Steakhouse restaurant,Fleming&#39;s in Atlanta,"Celebrate tonight with the best steaks, wine and service in town. ",FlemingsSteakhouse.com,Georgia,1269053412
3,3,1,0,Austin Steak restaurant,Fleming&#39;s in Texas,"Celebrate tonight with the best steaks, wine and service in town. ",FlemingsSteakhouse.com,Texas,1269054143
2,1,0.5,1,Baltimore Steak restaurant,Fleming&#39;s in Baltimore,"Celebrate tonight with the best steaks, wine and service in town. ",FlemingsSteakhouse.com,Maryland,1269054185
3,1,0.333333333,1,Charlotte Steakhouse restaurant,Fleming&#39;s North Carolina,"Celebrate tonight with the best steaks, wine and service in town. ",FlemingsSteakhouse.com,North Carolina,1269053246
3,3,1,0,Chicago Steakhouse restaurant,Fleming&#39;s in Chicago,"Celebrate tonight with the best steaks, wine and service in town. ",FlemingsSteakhouse.com,"Chicago, IL",1269053098
2,1,0.5,1,Cleveland fine dining restaurant,Fleming&#39;s in Ohio,"Celebrate tonight with the best steaks, wine and service in town. ",FlemingsSteakhouse.com,Ohio,1269153739
2,1,0.5,1,Las Vegas Steak restaurant,Fleming&#39;s in Las Vegas,"Celebrate tonight with the best steaks, wine and service in town. ",FlemingsSteakhouse.com,Nevada,1269054261
4,2,0.5,1,San Diego Steak restaurant,Fleming&#39;s in California,"Celebrate tonight with the best steaks, wine and service in town. ",FlemingsSteakhouse.com,California,1269053699
3,1,0.333333333,1,Boston best restaurant,Fleming&#39;s in Boston,Celebrate with the best steaks and wine at Fleming&#39;s Prime Steakhouse. ,FlemingsSteakhouse.com,Massachusetts,1269155474
2,1,0.5,1,Boston Steakhouse restaurant,Fleming&#39;s in Boston,Celebrate with the best steaks and wine at Fleming&#39;s Prime Steakhouse. ,FlemingsSteakhouse.com,Massachusetts,1269053284
2,1,0.5,1,Indianapolis fine dining restaurant,Fleming&#39;s in Indianapolis,Celebrate with the best steaks and wine at Fleming&#39;s Prime Steakhouse. ,FlemingsSteakhouse.com,Indiana,1269153477
2,1,0.5,1,Indianapolis Steak restaurant,Fleming&#39;s in Indianapolis,Celebrate with the best steaks and wine at Fleming&#39;s Prime Steakhouse. ,FlemingsSteakhouse.com,Indiana,1269053752
2,1,0.5,1,Las Vegas Steakhouse restaurant,Fleming&#39;s in Las Vegas,Celebrate with the best steaks and wine at Fleming&#39;s Prime Steakhouse. ,FlemingsSteakhouse.com,Nevada,1269053364
2,1,0.5,1,Nashville Steak restaurant,Fleming&#39;s in Tennessee,Celebrate with the best steaks and wine at Fleming&#39;s Prime Steakhouse. ,FlemingsSteakhouse.com,Tennessee,1269054240
2,1,0.5,1,San Antonio Steak restaurant,Fleming&#39;s in Texas,Celebrate with the best steaks and wine at Fleming&#39;s Prime Steakhouse. ,FlemingsSteakhouse.com,Texas,1269053678
2,1,0.5,1,San Antonio Steakhouse restaurant,Fleming&#39;s in Texas,Celebrate with the best steaks and wine at Fleming&#39;s Prime Steakhouse. ,FlemingsSteakhouse.com,Texas,1269053133
4,1,0.25,1,San Diego Steakhouse restaurant,Fleming&#39;s in California,Celebrate with the best steaks and wine at Fleming&#39;s Prime Steakhouse. ,FlemingsSteakhouse.com,California,1269053159
2,2,1,0,New York best restaurant,Aureole New York,Charlie Palmer&#39;s Progressive American Dining on One Bryant Park ,www.charliepalmer.com,,1269155286
4,2,0.5,1,New York fine dining restaurant,New York City Restaurant,Charming Italian restaurant located in Manhattan&#39;s Theater District ,www.dopoteatro.com,,1269153327
4,4,1,0,San Diego Italian restaurant,Featured Restaurants,Check out San Diego Restaurants San Diego Local News &amp; Information ,www.Sdnn.com/restaurants,"San Diego, CA",1269048778
4,2,0.5,1,Chicago Italian restaurant,Italian Restaurant,Chicago Italian Dining &amp; Wine Bar. 1/2 Price Bottles Mondays-Call Now. ,www.salutewinebars.com,"Chicago, IL",1269048710
3,3,1,0,Chicago Chinese restaurant,Upscale Dining - Chicago,"Chicago&#39;s Premier Restaurants, Dining Events, Wine Tastings &amp; More ",www.StyleChicago.com,,1269050153
3,3,1,0,Chicago Indian restaurant,Upscale Dining - Chicago,"Chicago&#39;s Premier Restaurants, Dining Events, Wine Tastings &amp; More ",www.StyleChicago.com,,1269055896
4,2,0.5,1,Chicago best restaurant,Lawry&#39;s The Prime Rib,Chicago&#39;s top prime rib steakhouse. Book dinner online today. ,www.LawrysOnline.com,,1269155301
2,1,0.5,1,New York Thai restaurant,FireBird Restaurant NYC,Close to all the Shows Dining In the Theater District ,www.firebirdrestaurant.com,,1269049407
3,1,0.333333333,1,Minneapolis fine dining restaurant,Minneapolis French Dining,Collete Bar &amp; Bistro - A New Twist on French Cuisine. Reserve Now! ,www.SofitelmplsDining.com,,1269153795
2,1,0.5,1,Washington Brazilian steakhouse,Charbroil Grill,Come and enjoy the best brazilian steak house in Virginia ,charbroilgrillsteakhouse.com,"14239 Potomac Mills Rd, Woodbridge, VA",1269150343
4,1,0.25,1,Atlanta Tapas restaurant,Olive Garden® Restaurant,"Come In &amp; Try New Grilled Steak Fonduta, Complete With Fettuccine! ",www.OliveGarden.com,,1269150939
2,2,1,0,San Jose best restaurant,Tigelleria Restaurant,"Cucina Organica Tipica Italiana Food, Art and Culture ",www.tigelleria.com,"76 East Campbell Ave., Campbell, CA",1269155362
2,2,1,0,Raleigh Chinese restaurant,China Express,"Delicious Chinese food. RTP, NC Great food. Online Menu. Delivery ",rtp-chinaexpress.com,"2223 Nc-54, Durham, NC 27713-5233",1269050609
4,4,1,0,New York Spanish restaurant,Visit La Pequeña Colombia,Delicious Colombian &amp; Spanish Food! Great service &amp; ambiance since 1984 ,www.pequenacolombia.com,"New York, NY",1269151156
2,1,0.5,1,Kansas City best restaurant,Kansas City Dining,Delicious Home-Cooked Food in a Great Atmosphere. Stop By Today! ,www.HumblePieSoulFood.com,,1269155921
3,1,0.333333333,1,Atlanta Thai restaurant,Thai Fusion,Delicious Thai Cuisine from Atlanta&#39;s Authentic Thai Restaurant ,www.thaifusionatlanta.com,"2140 Peachtree Rd Nw, Suite 130, Atlanta",1269049719
2,1,0.5,1,Oakland Thai restaurant,Summer Summer Thai Eatery,Delicious Thai food in Emeryville ,summersummerthai.com,"5885 Hollis St, Emeryville, CA 94608",1269049816
2,1,0.5,1,Denver Chinese restaurant,Twin Dragon Restaurant,Denver&#39;s Best Chinese Restaurant! (303) 781-8068 - Delivery Available ,www.TwinDragonRestaurant.com,"3021 S. Broadway, Englewood, CO 80113",1269050382
4,4,1,0,Las Vegas best restaurant,Vegas Dining Experience,Dine Among Coursing Waterfalls and Lavish Gardens - All on the Strip! ,www.WynnLasVegas.com/Dining,"Las Vegas, NV",1269155550
3,2,0.666666667,1,Los Angeles fine dining restaurant,Casino Dining,"Dine and Play Our Wide Selection Of 2,000 Slots &amp; Video Machines. ",www.ChumashCasino.com/Dining,"Los Angeles, CA",1269153341
2,1,0.5,1,New York best restaurant,&#39;21&#39; Club,Dine in the heart of Midtown at the famous &#39;21&#39; restaurant. Book online ,www.21club.com,"21 West 52nd Street, New York City, NY",1269155286
4,2,0.5,1,New York Comfort food,&#39;21&#39; Club,Dine in the heart of Midtown at the famous &#39;21&#39; restaurant. Book online ,www.21club.com,"21 West 52nd Street, New York City, NY",1269141484
4,1,0.25,1,New York fine dining restaurant,&#39;21&#39; Club,Dine in the heart of Midtown at the famous &#39;21&#39; restaurant. Book online ,www.21club.com,"21 West 52nd Street, New York City, NY",1269153327
4,3,0.75,0,New York romantic restaurant,&#39;21&#39; Club,Dine in the heart of Midtown at the famous &#39;21&#39; restaurant. Book online ,www.21club.com,"21 West 52nd Street, New York City, NY",1269153884
4,2,0.5,1,San Francisco Thai restaurant,Rin&#39;s Thai Restaurant,Dine in. Take out. Free delivery! Check out our menu. Order now! ,www.RinsThaiSF.com,"4301 24th St, San Francisco, CA",1269049521
3,2,0.666666667,1,Milwaukee Italian restaurant,Milwaukee Italian Restaurant,Dine on Authentic Italian Cuisine in an Historic &amp; Elegant Setting. ,www.LibiamoRestaurant.com,,1269048946
2,1,0.5,1,Jacksonville Japanese restaurant,Sushi Lounge and Bar,Dine on Authentic Japanese Cuisine! Award-Winning Sushi Restaurant. ,dishrestaurantmemphis.com,"Jacksonville, FL",1269052249
2,1,0.5,1,Memphis Japanese restaurant,Sushi Lounge and Bar,Dine on Authentic Japanese Cuisine! Award-Winning Sushi Restaurant. ,dishrestaurantmemphis.com,"Memphis, TN",1269052309
3,2,0.666666667,1,Miami romantic restaurant,The Melting Pot Miami,Dip Into Romantic Fondue Specials. Miami&#39;s Choice for Valentines Week. ,www.meltingpot.com,,1269154289
2,2,1,0,San Diego Bar restaurant,Blue Point Restaurant,Downtown Gaslamp Quarter Dining. Award Winning Seafood &amp; Oyster Bar. ,www.cohnrestaurants.com,,1269132446
4,2,0.5,1,San Diego fine dining restaurant,Blue Point Restaurant,Downtown Gaslamp Quarter Dining. Award Winning Seafood &amp; Oyster Bar. ,www.cohnrestaurants.com,,1269153419
3,2,0.666666667,1,San Diego healthy restaurant,Blue Point Restaurant,Downtown Gaslamp Quarter Dining. Award Winning Seafood &amp; Oyster Bar. ,www.cohnrestaurants.com,,1269154824
4,3,0.75,0,San Diego romantic restaurant,Blue Point Restaurant,Downtown Gaslamp Quarter Dining. Award Winning Seafood &amp; Oyster Bar. ,www.cohnrestaurants.com,,1269153966
4,2,0.5,1,San Diego romantic restaurant,Aladdin Restaurant,"Eat Healthy, Come to Aladdin! Fresh Mediterranean Cuisine ",AladdinCafe.com,5420 Clairemont Mesa Blvd #101,1269153966
4,4,1,0,Phoenix best restaurant,The Good Egg,"Eggceptional Breakfast and Lunch. Famous Cinnamon Rolls. Phx, Tucson. ",www.TheGoodEggAZ.com,,1269155316
2,2,1,0,Los Angeles Japanese restaurant,"Yamashiro - Hollywood, CA",Elegant CalAsian Cuisine and Sushi. Stunning View and Interior Garden. ,www.YamashiroRestaurant.com,"Los Angeles, CA",1269052142
3,3,1,0,Los Angeles romantic restaurant,"Yamashiro - Hollywood, CA",Elegant CalAsian Cuisine and Sushi. Stunning View and Interior Garden. ,www.YamashiroRestaurant.com,"Los Angeles, CA",1269153899
3,1,0.333333333,1,Boston romantic restaurant,Boston Romantic Hotel,"Elegant Rooms, Suites &amp; Back Bay Setting. Experience the New Luxury. ",www.MandarinOriental.com,"776 Boylston Street, Boston, MA 02199",1269154071
4,4,1,0,Miami fine dining restaurant,South Beach 5 Star Dining,"Embrace Elegance, Luxury &amp; Serenity at Miami&#39;s Premier 5 Star Resort. ",www.Setai.com,,1269153755
5,5,1,0,Oakland Bar restaurant,Restaurante Oakland,Encuentra el restaurante o bar que buscas en Oakland online ahora! ,www.SeccionAmarillaUS.com,,1269132791
2,1,0.5,1,Boston Steak restaurant,Ruth&#39;s Chris Steak House,Enjoy a complete three-course meal for only $39.95! Reserve today. ,www.ruthschris.com,,1269054196
3,1,0.333333333,1,Charlotte fine dining restaurant,Ruth&#39;s Chris Steak House,Enjoy a complete three-course meal for only $39.95! Reserve today. ,www.ruthschris.com,,1269153522
3,1,0.333333333,1,Charlotte Steak restaurant,Ruth&#39;s Chris Steak House,Enjoy a complete three-course meal for only $39.95! Reserve today. ,www.ruthschris.com,,1269054168
3,1,0.333333333,1,Chicago Steak restaurant,Ruth&#39;s Chris Steak House,Enjoy a complete three-course meal for only $39.95! Reserve today. ,www.ruthschris.com,,1269053645
3,1,0.333333333,1,Chicago Steakhouse restaurant,Ruth&#39;s Chris Steak House,Enjoy a complete three-course meal for only $39.95! Reserve today. ,www.ruthschris.com,,1269053098
2,1,0.5,1,Cleveland Steak restaurant,Ruth&#39;s Chris Steak House,Enjoy a complete three-course meal for only $39.95! Reserve today. ,www.ruthschris.com,,1269054391
2,1,0.5,1,Colorado Springs Steakhouse restaurant,Ruth&#39;s Chris Steak House,Enjoy a complete three-course meal for only $39.95! Reserve today. ,www.ruthschris.com,,1269053547
2,1,0.5,1,Dallas Steakhouse restaurant,Ruth&#39;s Chris Steak House,Enjoy a complete three-course meal for only $39.95! Reserve today. ,www.ruthschris.com,,1269053147
3,1,0.333333333,1,Denver Steakhouse restaurant,Ruth&#39;s Chris Steak House,Enjoy a complete three-course meal for only $39.95! Reserve today. ,www.ruthschris.com,,1269053323
2,1,0.5,1,El Paso Steakhouse restaurant,Ruth&#39;s Chris Steak House,Enjoy a complete three-course meal for only $39.95! Reserve today. ,www.ruthschris.com,,1269053296
3,1,0.333333333,1,Houston Steakhouse restaurant,Ruth&#39;s Chris Steak House,Enjoy a complete three-course meal for only $39.95! Reserve today. ,www.ruthschris.com,,1269053107
2,1,0.5,1,Indianapolis Steakhouse restaurant,Ruth&#39;s Chris Steak House,Enjoy a complete three-course meal for only $39.95! Reserve today. ,www.ruthschris.com,,1269053198
2,1,0.5,1,Long Beach Steakhouse restaurant,Ruth&#39;s Chris Steak House,Enjoy a complete three-course meal for only $39.95! Reserve today. ,www.ruthschris.com,,1269053443
2,1,0.5,1,Los Angeles Steakhouse restaurant,Ruth&#39;s Chris Steak House,Enjoy a complete three-course meal for only $39.95! Reserve today. ,www.ruthschris.com,,1269053087
2,1,0.5,1,Louisville Steakhouse restaurant,Ruth&#39;s Chris Steak House,Enjoy a complete three-course meal for only $39.95! Reserve today. ,www.ruthschris.com,,1269053383
4,4,1,0,Memphis Korean restaurant,Ruth&#39;s Chris Steak House,Enjoy a complete three-course meal for only $39.95! Reserve today. ,www.ruthschris.com,,1269050909
2,1,0.5,1,Memphis Steak restaurant,Ruth&#39;s Chris Steak House,Enjoy a complete three-course meal for only $39.95! Reserve today. ,www.ruthschris.com,,1269054173
2,1,0.5,1,Memphis Steakhouse restaurant,Ruth&#39;s Chris Steak House,Enjoy a complete three-course meal for only $39.95! Reserve today. ,www.ruthschris.com,,1269053259
3,1,0.333333333,1,Milwaukee Steak restaurant,Ruth&#39;s Chris Steak House,Enjoy a complete three-course meal for only $39.95! Reserve today. ,www.ruthschris.com,,1269054213
3,1,0.333333333,1,New York Steakhouse restaurant,Ruth&#39;s Chris Steak House,Enjoy a complete three-course meal for only $39.95! Reserve today. ,www.ruthschris.com,,1269053082
2,1,0.5,1,Oakland Steak restaurant,Ruth&#39;s Chris Steak House,Enjoy a complete three-course meal for only $39.95! Reserve today. ,www.ruthschris.com,,1269054424
2,1,0.5,1,Oakland Steakhouse restaurant,Ruth&#39;s Chris Steak House,Enjoy a complete three-course meal for only $39.95! Reserve today. ,www.ruthschris.com,,1269053511
2,1,0.5,1,Oklahoma City Steak restaurant,Ruth&#39;s Chris Steak House,Enjoy a complete three-course meal for only $39.95! Reserve today. ,www.ruthschris.com,,1269054298
2,1,0.5,1,Philadelphia Steakhouse restaurant,Ruth&#39;s Chris Steak House,Enjoy a complete three-course meal for only $39.95! Reserve today. ,www.ruthschris.com,,1269053126
2,1,0.5,1,Phoenix Steak restaurant,Ruth&#39;s Chris Steak House,Enjoy a complete three-course meal for only $39.95! Reserve today. ,www.ruthschris.com,,1269053657
3,1,0.333333333,1,Phoenix Steakhouse restaurant,Ruth&#39;s Chris Steak House,Enjoy a complete three-course meal for only $39.95! Reserve today. ,www.ruthschris.com,,1269053121
2,1,0.5,1,Raleigh Steak restaurant,Ruth&#39;s Chris Steak House,Enjoy a complete three-course meal for only $39.95! Reserve today. ,www.ruthschris.com,,1269054435
2,2,1,0,Raleigh Steakhouse restaurant,Ruth&#39;s Chris Steak House,Enjoy a complete three-course meal for only $39.95! Reserve today. ,www.ruthschris.com,,1269053519
3,1,0.333333333,1,Sacramento fine dining restaurant,Ruth&#39;s Chris Steak House,Enjoy a complete three-course meal for only $39.95! Reserve today. ,www.ruthschris.com,,1269153679
2,1,0.5,1,Sacramento Steakhouse restaurant,Ruth&#39;s Chris Steak House,Enjoy a complete three-course meal for only $39.95! Reserve today. ,www.ruthschris.com,,1269053438
2,1,0.5,1,Tucson Steakhouse restaurant,Ruth&#39;s Chris Steak House,Enjoy a complete three-course meal for only $39.95! Reserve today. ,www.ruthschris.com,,1269053397
2,1,0.5,1,Vancouver Steakhouse restaurant,Ruth&#39;s Chris Steak House,Enjoy a complete three-course meal for only $39.95! Reserve today. ,www.ruthschris.com,,1269053570
2,2,1,0,Virginia Beach fine dining restaurant,Ruth&#39;s Chris Steak House,Enjoy a complete three-course meal for only $39.95! Reserve today. ,www.ruthschris.com,"Virginia Beach, VA",1269153746
2,1,0.5,1,Virginia Beach Steakhouse restaurant,Ruth&#39;s Chris Steak House,Enjoy a complete three-course meal for only $39.95! Reserve today. ,www.ruthschris.com,,1269053490
3,1,0.333333333,1,Washington fine dining restaurant,Ruth&#39;s Chris Steak House,Enjoy a complete three-course meal for only $39.95! Reserve today. ,www.ruthschris.com,,1269153593
4,4,1,0,Kansas City Mexican restaurant,Makers Mark Bourbon House,Enjoy A Delicious Steak And Bourbon Downtown KC. Come For Happy Hour! ,www.MakersMarkRestaurant.com,"Kansas City, MO",1269152941
3,3,1,0,Los Angeles Indian restaurant,Los Angeles Indian Restaurant,Enjoy A Traditional Indian Meal At Our Restaurant. See Menu Online. ,www.IndiasTandooriLax.net,,1269055890
3,3,1,0,Raleigh best restaurant,Perkins Family Restaurant,"Enjoy All Day Breakfast And Fresh, Homemade Pies from Perkins! ",www.PerkinsRestaurants.com,,1269155987
3,2,0.666666667,1,San Jose Vegan restaurant,Top Vegetarian Restaurant,Enjoy Amazing Cuisine w/Views of Golden Gate. Reserve Online Now! ,greensrestaurant.com,"San Francisco-Oakland-San Jose, CA",1269055386
2,2,1,0,San Jose Vegetarian restaurant,Top Vegetarian Restaurant,Enjoy Amazing Cuisine w/Views of Golden Gate. Reserve Online Now! ,greensrestaurant.com,"San Francisco-Oakland-San Jose, CA",1269054620
3,2,0.666666667,1,Sacramento Japanese restaurant,Gourmet Sushi Sacramento,Enjoy Daily Roll &amp; Drink Specials Right Off Highway 50! ,SamuraiSushi1.com/,California,1269052870
3,1,0.333333333,1,Boston French restaurant,Boston French Restaurant,Enjoy Delicious French Cuisine At The Brasserie Jo In Boston! ,BrasserieJoBoston.com,,1269147336
4,3,0.75,0,San Diego fine dining restaurant,Bistro West Restaurant,Enjoy Fresh Dishes &amp; Ingredients. Join Us For Dinner and Happy Hour. ,www.bistrowest.com,,1269153419
3,1,0.333333333,1,Austin Steak restaurant,Roy&#39;s Hawaiian Fusion,Enjoy Hawaiian fine dining in Austin. Reserve your table today. ,RoysRestaurant.com,"Austin, TX",1269054143
2,1,0.5,1,Baltimore best restaurant,Roy&#39;s Hawaiian Fusion,Enjoy Hawaiian fine dining in Baltimore. Reserve your table. ,RoysRestaurant.com,"Baltimore, MD",1269155463
2,1,0.5,1,Jacksonville Steakhouse restaurant,Roy&#39;s Hawaiian Fusion,Enjoy Hawaiian fine dining in Jacksonville. Reserve your table. ,RoysRestaurant.com,"Jacksonville, FL",1269053193
2,1,0.5,1,San Antonio Mexican restaurant,Jacala Mexican Restaurant,Enjoy South-of-the-Border Favorites in San Antonio-Jacala Restaurant. ,Jacala.com,"606 W Avenue, San Antonio, TX",1269152614
2,1,0.5,1,Memphis Mexican restaurant,Mexican Restaurant,Enjoy Tasty Fajitas and Enchiladas At Rio Loco in Memphis. See Coupon. ,RioLocoMemphis.com,"Memphis, TN",1269152747
2,2,1,0,Dallas best restaurant,Fearing&#39;s of Dallas,Enjoy the Innovative Menu From the 2008 Restaurant of the Year ,www.RitzCarlton.com/Dallas,,1269155338
2,1,0.5,1,Louisville Bar restaurant,Downtown Louisville Bar,Exceptional Ambiance &amp; Culinary Expertise. Let Your Night Begin! ,MakersLounge.com,"446 South 4th Street, Louisville, KY",1269132658
4,4,1,0,Chicago romantic restaurant,Romantic Restaurant,Exclusive Wine Tasting in Chicago. Call Us Today. ,www.salutewinebars.com,"Chicago, IL",1269153906
2,1,0.5,1,Albuquerque Brazilian steakhouse,Authentic Brazilian Steak,Experience a fun festive atmosphere Lunch for $12.95 &amp; Dine for $19.95! ,Tucanos.com/Steakhouse,"Albuquerque-Santa Fe, NM",1269150409
4,2,0.5,1,New York Italian restaurant,Top Italian Restaurants,Experience Award Winning Food-Wine Excellent Food View Menu Here! ,www.CafeOnTheGreenRestaurant.com,"New York, NY",1269048685
4,2,0.5,1,San Diego Italian restaurant,The Sofia Hotel San Diego,Experience Award-Winning Value Boutique Hotel Near Gaslamp ,www.thesofiahotel.com,,1269048778
2,1,0.5,1,Miami Chinese restaurant,Philippe Chow Miami,Experience Exquisite Asian Fare. At the Gansevoort S. Hotel. Miami. ,www.PhilippeChow.com,"2305 Collins Ave., Miami, FL 33139",1269050585
2,1,0.5,1,Chicago Middle Eastern restaurant,Middle Eastern Food,"falafel hummos shawarma kabobs Quality for less, cater and deliver ",www.jerusalemcafe-oakpark.com,"1030 Lake St, Oak Park, IL 60301",1269140536
5,2,0.4,1,Oakland Mediterranean restaurant,Arriba Restaurant,Familiar food served with a fresh inspired Mediterranean twist. ,www.arribarestauranttoronto.com,,1269147001
3,3,1,0,Cleveland best restaurant,Best Restaurant,Family Dining &amp; Brunch Restaurant. Reasonable Prices. Check Menu Out! ,www.rjbolands.com,"724 Prospect Ave, Cleveland, 44115",1269155937
2,1,0.5,1,Arlington fine dining restaurant,#1 Arlington Restaurant,Famous for Fresh Local Ingredients Served in The Heart Of Clarendon. ,www.HarrysTapRoom.com,,1269153820
4,4,1,0,Philadelphia romantic restaurant,Philly Date Restaurants,Find a Place That You&#39;ll Both Actually Like with Thrillist. ,Thrillist.com,"Philadelphia, PA",1269153937
4,3,0.75,0,New York Italian restaurant,Italian Restaurant New York,Find Italian Restaurant New Yorks at Great Prices. ,www.Pronto.com,,1269048685
2,2,1,0,Miami best restaurant,Restaurants in Miami,Find Out About New Spots - But Only The Good Ones with Thrillist Emails ,Thrillist.com,"Miami-Ft. Lauderdale, FL",1269155961
4,2,0.5,1,Portland best restaurant,Portland Restaurants,"Find Portland&#39;s Best Restaurants- Search by Cuisine, Location &amp; Price ",www.LivePDX.com,"Portland, OR",1269155561
2,2,1,0,San Diego Chinese restaurant,Chinese Restaurant San Diego,Find Restaurants in San Diego Using SDNN&#39;s Local Directory ,www.SDNN.com/restaurants,"San Diego, CA",1269050222
4,4,1,0,San Diego fine dining restaurant,Restaurant Directory,Find Restaurants in San Diego Using SDNN&#39;s Local Directory ,www.SDNN.com/restaurants,"San Diego, CA",1269153419
2,1,0.5,1,San Diego Sushi restaurant,Sushi Restaurant San Diego,Find Restaurants in San Diego Using SDNN&#39;s Local Directory ,www.SDNN.com/restaurants,"San Diego, CA",1269051639
3,3,1,0,Philadelphia best restaurant,Where To Eat in Philly,Find top-rated restaurants And the hidden gems too. ,www.NileGuide.com/Philadelphia,,1269155323
2,2,1,0,Las Vegas fine dining restaurant,Top Las Vegas Restaurants,Find your next five-star favorite: discover Las Vegas fine dining! ,www.TravelsInTaste.com,,1269153599
3,3,1,0,Minneapolis fine dining restaurant,WA Frost and Company,"Fine American Cuisine, Bar/Lounge. Award-Winning Wine List. St. Paul. ",www.WAFrost.com,,1269153795
3,2,0.666666667,1,Minneapolis romantic restaurant,WA Frost and Company,"Fine American Cuisine, Bar/Lounge. Award-Winning Wine List. St. Paul. ",www.WAFrost.com,,1269154663
2,2,1,0,Minneapolis Steak restaurant,WA Frost &amp; Company,"Fine American Cuisine, Bar/Lounge. Award-Winning Wine List. St. Paul. ",www.WAFrost.com,"374 Selby Avenue, St Paul, MN 55102",1269054460
2,1,0.5,1,London fine dining restaurant,Fine Dining Restaurant,Fine Dining at Penn&#39;s Landing. Unique Waterfront and City Views. ,www.Moshulu.com,"Philadelphia, PA",1269153842
2,1,0.5,1,Mesa fine dining restaurant,Fine Dining Restaurant,Fine Dining at Penn&#39;s Landing. Unique Waterfront and City Views. ,www.Moshulu.com,"Philadelphia, PA",1269153703
3,3,1,0,Mesa romantic restaurant,Romantic Restaurant,Fine Dining at Penn&#39;s Landing. Unique Waterfront and City Views. ,www.Moshulu.com,"Philadelphia, PA",1269154237
4,3,0.75,0,Philadelphia fine dining restaurant,Moshulu,Fine Dining at Penn&#39;s Landing. Unique Waterfront and City Views. ,www.Moshulu.com,"401 S. Columbus Blvd., Philadelphia, PA",1269153389
4,2,0.5,1,Philadelphia romantic restaurant,Moshulu,Fine Dining at Penn&#39;s Landing. Unique Waterfront and City Views. ,www.Moshulu.com,"401 S. Columbus Blvd., Philadelphia, PA",1269153937
3,1,0.333333333,1,Philadelphia Steak restaurant,Moshulu - Philadelphia PA,Fine Dining at Penn&#39;s Landing. Unique Waterfront and City Views. ,www.Moshulu.com,,1269053668
3,1,0.333333333,1,Vancouver fine dining restaurant,Fine Dining Restaurant,Fine Dining at Penn&#39;s Landing. Unique Waterfront and City Views. ,www.Moshulu.com,"Philadelphia, PA",1269153830
2,1,0.5,1,San Francisco Steakhouse restaurant,Ruth&#39;s Chris Steak House,Fine Dining at Ruth&#39;s Chris Easy online reservations. ,www.RuthsChris.com,,1269053185
4,4,1,0,Colorado Springs fine dining restaurant,The Melting Pot,Fine Dining In Colorado Springs For Any Special Occassion. Call Today. ,www.MeltingPot.com,,1269153807
3,3,1,0,Colorado Springs romantic restaurant,The Melting Pot,Fine Dining In Colorado Springs For Any Special Occassion. Call Today. ,www.MeltingPot.com,,1269154675
4,2,0.5,1,Philadelphia fine dining restaurant,Philadelphia Fine Dining,Fine dining in Philadelphia at the Lacroix Restaurant. Reserve now! ,www.LacroixRestaurant.com,,1269153389
3,1,0.333333333,1,Philadelphia Chinese restaurant,Spice Indian Thai Bistro,Fine Dining Restaurant Authentic Indian and Thai Cuisine ,www.spicebyob.com,"Philadelphia, PA",1269050185
2,1,0.5,1,Philadelphia Thai restaurant,Spice Indian Thai Bistro,Fine Dining Restaurant Authentic Indian and Thai Cuisine ,www.spicebyob.com,"Philadelphia, PA",1269049461
4,3,0.75,0,San Francisco Italian restaurant,italian restaurant,Fine Italian Cuisine &amp; Dining San Francisco Style Pizzeria ,ItsItaliaRestaurant.AdzZoo.com,,1269048813
4,1,0.25,1,Miami fine dining restaurant,Il Gabbiano Restaurant,Fine Italian Cuisine in Miami Best Restaurant 2009 ,www.ilgabbianomia.com,"Miami-Ft. Lauderdale, FL",1269153755
2,1,0.5,1,Boston Sushi restaurant,Sushi-Teq Boston,Flavorful Sushi. Specialty Drinks. Intoxicating Mix of Sushi &amp; Salsa. ,www.InterContinentalBoston2010.com,,1269051767
2,1,0.5,1,Albuquerque romantic restaurant,Fleming&#39;s Makes Memories,"Fleming&#39;s is the perfect dining spot for an elegant, romantic date. ",www.FlemingsSteakhouse.com,,1269154196
3,1,0.333333333,1,Colorado Springs romantic restaurant,Fleming&#39;s Makes Memories,"Fleming&#39;s is the perfect dining spot for an elegant, romantic date. ",www.FlemingsSteakhouse.com,,1269154675
2,1,0.5,1,El Paso romantic restaurant,Fleming&#39;s Makes Memories,"Fleming&#39;s is the perfect dining spot for an elegant, romantic date. ",www.FlemingsSteakhouse.com,,1269154077
2,1,0.5,1,Sacramento romantic restaurant,Fleming&#39;s Makes Memories,"Fleming&#39;s is the perfect dining spot for an elegant, romantic date. ",www.FlemingsSteakhouse.com,,1269154212
3,1,0.333333333,1,San Antonio fine dining restaurant,Melting Pot - San Antonio,"Fondue, Fine Wine, Fun, Birthdays. Dip Into Romantic Fondue Specials. ",www.meltingpot.com,,1269153402
2,2,1,0,San Antonio Vegetarian restaurant,Melting Pot - San Antonio,"Fondue, Fine Wine. Fun, Romantic. Weddings, Birthdays, Celebrations. ",www.meltingpot.com,,1269054592
3,2,0.666666667,1,Colorado Springs romantic restaurant,Tajine Alami Restaurant,Four &amp; Six Course Moroccan Feasts &amp; Belly Dancing in Manitou Springs. ,www.tajinealami.com,Colorado,1269154675
2,1,0.5,1,Minneapolis Chinese restaurant,Chinese Restaurant,Fresh Ingredients &amp; Amazing Staff. Visit Us For A Lifetime Experience! ,DavidFongs.com/ChineseRestaurant,"Minneapolis-St. Paul, MN",1269050622
3,1,0.333333333,1,Dallas Japanese restaurant,Japanese Restaurant,"Fresh Sushi, Steaks and Sake. Across from Galleria Mall in Dallas ",www.Hibashi.com,,1269052200
4,1,0.25,1,Kansas City Italian restaurant,Italian Restaurant - KC,"Fresh, Authentic Italian Dining Pasta, Pizza, Salads, Breads &amp; More ",Cupinis.AdzZoo.com,"1809 Westport Road, Kansas City, MO",1269049091
4,4,1,0,Portland best restaurant,Seres Restaurant and Bar,"Fresh, Organic Chinese Cuisine Healthy, sustainable ingredients ",www.seresrestaurant.com,"Portland, OR",1269155561
2,2,1,0,Milwaukee Vegetarian restaurant,Wasabi Sake Lounge,Freshest Fish Finest Ingredients Come See Why We Are #1 ,www.WasbiSakeLounge.com,"Milwaukee, WI",1269054742
4,3,0.75,0,New York Comfort food,manhattan restaurant,"from VinDivine -Winery Reviews Too. Hip, Offbeat &amp; Honest - Live it Up! ",www.vindivine.com,"New York, NY",1269141484
3,1,0.333333333,1,Sacramento Sushi restaurant,sushi restaurant,"Full Bar, Lunch Specials &amp; Take Out Japanese Restaurant &amp; Sushi Bar ",MegamiBento-YaRestaurant.AdzZoo.com,"Sacramento, CA",1269051905
5,1,0.2,1,Oakland Mediterranean restaurant,Improv Comedy Live,Fun and completely improvised 1 block from Luka&#39;s Uptown Oakland ,www.PanTheater.com,,1269147001
3,2,0.666666667,1,Los Angeles Wine Bar restaurant,Hip wine tasting in LA,"Funky, fun wine tasting &amp; classes for all levels of winos! ",www.citysipla.com,"Los Angeles, CA",1269132929
2,1,0.5,1,San Francisco Indian restaurant,Great Indian Food in SF,Gaylord India Restaurant at One Embarcadero Center Open 7 days ,www.sfgaylords.com,,1269055997
2,2,1,0,Fort Worth Steakhouse restaurant,Fort Worth Steakhouse,"Genuine Texas Cuisine &amp; Spectacular Service at our Ranch in Graham, TX. ",www.WildcatterRanch.com,"Dallas-Ft. Worth, TX",1269053232
2,2,1,0,Atlanta Japanese restaurant,Benihana in Georgia,Get directions to a local Benihana near you. Get more information now! ,www.Benihana.com,,1269052841
3,2,0.666666667,1,Charlotte fine dining restaurant,Benihana Steakhouse,Get directions to a local Benihana near you. Get more information now! ,www.Benihana.com,,1269153522
4,1,0.25,1,Chicago fine dining restaurant,Benihana Steakhouse,Get directions to a local Benihana near you. Get more information now! ,www.Benihana.com,,1269153352
2,2,1,0,Columbus Japanese restaurant,Benihana in Ohio,Get directions to a local Benihana near you. Get more information now! ,www.Benihana.com,,1269052279
2,1,0.5,1,Long Beach fine dining restaurant,Benihana Steakhouse,Get directions to a local Benihana near you. Get more information now! ,www.Benihana.com,,1269153694
2,2,1,0,Memphis Japanese restaurant,Benihana in Tennessee,Get directions to a local Benihana near you. Get more information now! ,www.Benihana.com,,1269052309
2,2,1,0,Miami Japanese restaurant,Benihana in Florida,Get directions to a local Benihana near you. Get more information now! ,www.Benihana.com,,1269052937
3,2,0.666666667,1,New York Japanese restaurant,Benihana in New York,Get directions to a local Benihana near you. Get more information now! ,www.Benihana.com,,1269052130
4,1,0.25,1,Philadelphia fine dining restaurant,Benihana Steakhouse,Get directions to a local Benihana near you. Get more information now! ,www.Benihana.com,,1269153389
2,1,0.5,1,Phoenix fine dining restaurant,Benihana Steakhouse,Get directions to a local Benihana near you. Get more information now! ,www.Benihana.com,,1269153375
3,3,1,0,San Diego Japanese restaurant,Benihana in California,Get directions to a local Benihana near you. Get more information now! ,www.Benihana.com,,1269052214
4,4,1,0,San Francisco Japanese restaurant,Benihana in California,Get directions to a local Benihana near you. Get more information now! ,www.Benihana.com,,1269052242
4,2,0.5,1,San Jose fine dining restaurant,Benihana Steakhouse,Get directions to a local Benihana near you. Get more information now! ,www.Benihana.com,,1269153434
4,4,1,0,San Francisco Thai restaurant,Thai restaurants in SF,"Get Thai restaurant recommendations and pictures in San Francisco, CA ",www.tastebudd.com,,1269049521
4,1,0.25,1,San Diego Steak restaurant,West Steakhouse &amp; Seafood,Get The Best Steak In San Diego. Dinner &amp; Happy Hour Specials Avail. ,www.weststeakandseafood.com,,1269053699
3,3,1,0,Austin romantic restaurant,Austin Date Restaurants,Go to Date Spots that Don&#39;t Suck Get Thrillist Free Daily Emails ,Thrillist.com,"Austin, TX",1269154015
3,3,1,0,Miami romantic restaurant,Miami Date Restaurants,Go to Date Spots that Don&#39;t Suck Get Thrillist Free Daily Emails ,Thrillist.com,"Miami-Ft. Lauderdale, FL",1269154289
2,1,0.5,1,Boston Japanese restaurant,sushi restaurant boston,Good decent sushi GREAT selection Best selections in the Boston ,www.villagesushiandgrill.com,"Boston, MA-Manchester, NH",1269052329
3,1,0.333333333,1,Virginia Beach best restaurant,4 Star Dining in Virginia,Gourmet French Cuisine and Luxury Suites at our Virginia Country Inn. ,www.LaubergeProvencale.com,,1269155949
2,1,0.5,1,Austin Italian restaurant,Cannoli Joe&#39;s - Italian,Gourmet Italian Food Fantastic Weekend Brunch ,www.cannolijoes.com,"Austin, TX",1269048846
3,3,1,0,Denver best restaurant,Corner Bakery Cafe,Grand Opening in SouthGlenn Breakfast Lunch Dinner! ,www.CornerBakeryCafe.com,,1269155508
2,2,1,0,Long Beach Italian restaurant,Canaletto Ristorante,Great Authentic Italian Food at Fashion Island. $5 Happy Hour! ,ILFornaio.com/Canaletto,,1269049079
2,1,0.5,1,San Antonio Bar restaurant,Restaurant Bar,Great Specials Every Day. Visit Houlihan&#39;s Today. ,Houlihans.com/Specials,,1269132428
3,2,0.666666667,1,Philadelphia Sushi restaurant,Swanky Bubbles,"Great Sushi &amp; Champagne Bar Call 215-928-1200, Make Reservation ",www.SwankyBubbles.com,"10 S Front St, Philadelphia, PA 19106",1269051612
3,1,0.333333333,1,Raleigh romantic restaurant,Spartacus Restaurant,"Greek &amp; Mediterranean in Durham. Steaks, Seafood, Pasta &amp; Full Bar. ",www.SpartacusRestaurant.com,"Raleigh-Durham (Fayetteville), NC",1269154646
2,2,1,0,Oakland Greek restaurant,Pappas Restaurant,"Greek Restaurant Serving Breakfast, Lunch and Dinner! Established 1989. ",PappasRestaurantCa.com,"1654 E 2nd Street, Benicia, CA 94510-2841",1269148380
2,1,0.5,1,Fort Worth Irish bar restaurant,Restaurant bar,"Happy Hour All Day - Everyday Wings, Burgers, Wraps and Salads ",BoomerjacksGrillandBar.AdzZoo.com,"Ft Worth, TX",1269133984
4,1,0.25,1,Chicago romantic restaurant,Roy&#39;s Restaurant,Hawaiian fusion cuisine in Chicago. Easy online reservations. ,RoysRestaurant.com,"Chicago, IL",1269153906
3,1,0.333333333,1,Washington romantic restaurant,Washington Romantic,"Hotel Package Offers Champagne, Massage, Breakfast. Start at $225. ",PepperTreeOmak.com/Romance,,1269154125
3,3,1,0,Philadelphia Irish bar restaurant,Irish Pub in Philadelphia,Irish Saloon &amp; Restaurant Come Join Us For Great Food and Drinks Daily ,McFaddensPhilly.com,"461 North 3rd St, Philadelphia, PA 191123",1269133852
3,1,0.333333333,1,Philadelphia Italian restaurant,Panorama Ristorante,Italian Cuisine. World&#39;s Largest Wine Bar 120 Wines By Glass Phila. ,www.panoramaristorante.com,"14 N Front Street, Philadelphia, PA 19106",1269048739
4,2,0.5,1,Miami fine dining restaurant,Sci Sci Brickell,Italian Restaurant lunch for $11.95 Happy Hour 2 for 1. ,www.sciscigroup.com,"Miami, FL",1269153755
2,1,0.5,1,San Jose Sushi restaurant,San Jose Sushi Restaurant,Japanese Cuisine Cooked Before Your Eyes. Come for Food and Fun! ,www.kyotopalace.biz,"San Francisco-Oakland-San Jose, CA",1269051654
4,4,1,0,Kansas City Italian restaurant,Creative Catering by V&#39;s,"Kansas City&#39;s Premier Caterer for Weddings, Corporate Events and More ",www.VsRestaurant.com,"Kansas City, MO",1269049091
2,2,1,0,Chicago Mexican restaurant,Mexican Fine Dining,Las Cazuelas Mexican Restaurant Authentic Mexican Food ,www.lascazuelaschicago.com,Illinois,1269152562
3,1,0.333333333,1,Las Vegas Italian restaurant,IL Fornaio on the Strip,Las Vegas&#39;s Authentic Italian Food. New York-New York Hotel &amp; Casino. ,www.ILFornaio.com/LasVegas,"Las Vegas, NV",1269048992
2,1,0.5,1,Colorado Springs French restaurant,French in the Springs,Learn French in Colorado Springs Small classes and Private Lessons ,www.frenchinthesprings.com,"612 Hilltop Drive, Colorado Springs, CO",1269147599
5,1,0.2,1,Oakland Bar restaurant,Improv Theater Shows,Live Improv Theater Shows - Oakland Tickets $10 One Block from BART ,www.PanTheater.com,,1269132791
4,3,0.75,0,San Jose fine dining restaurant,Antonella&#39;s Ristorante,"Local Hot Spot For Italian Cusine. Authentic Gourmet In San Jose, CA. ",www.antonellasristorante.com,"1701 Park Ave, San Jose, CA 95126",1269153434
2,1,0.5,1,San Jose French restaurant,Antonella&#39;s Ristorante,"Local Hot Spot For Italian Cusine. Authentic Gourmet In San Jose, CA. ",www.antonellasristorante.com,"1701 Park Ave, San Jose, CA 95126",1269147204
2,1,0.5,1,San Jose Mediterranean restaurant,Antonella&#39;s Ristorante,"Local Hot Spot For Italian Cusine. Authentic Gourmet In San Jose, CA. ",www.antonellasristorante.com,"1701 Park Ave, San Jose, CA 95126",1269142165
4,4,1,0,San Francisco best restaurant,Award-winning food blog,Looking for SF Bay restaurants? New recipes? Check us out! ,www.KQED.org/BayAreaBites,"San Francisco-Oakland-San Jose, CA",1269155379
2,2,1,0,Atlanta Vegetarian restaurant,Atlanta Korean Restaurant,Love Authentic Asian Cuisine? Visit Us Today To Dine On Delicious Food! ,HaeWoonDaeBbq.com,,1269054839
2,1,0.5,1,Raleigh Tapas restaurant,Margaux&#39;s Restaurant,"Lunch, dinner, gourmet desserts See our menu online. ",MargauxsRestaurant.com,"8111 Creedmoor Rd # 111, Raleigh, NC",1269151051
2,1,0.5,1,Colorado Springs Italian restaurant,Italian Gourmet Dining,Luxurious Northern Italian Cuisine in a Historic Colorado mansion ,www.GabrielsDenver.com,"Colorado Springs, CO",1269049330
2,1,0.5,1,Denver Italian restaurant,Italian Gourmet Dining,Luxurious Northern Italian Cuisine in a Historic Colorado mansion ,www.GabrielsDenver.com,"Denver, CO",1269048960
2,2,1,0,Denver romantic restaurant,Italian Gourmet Dining,Luxurious Northern Italian Cuisine in a Historic Colorado mansion ,www.GabrielsDenver.com,"Denver, CO",1269154101
4,4,1,0,San Diego romantic restaurant,San Diego Italian Food,Make a Reservation Today! Seven Locations. Romantic and Authentic. ,www.busalacchisrestaurantssd.com,"San Diego, CA",1269153966
2,1,0.5,1,Detroit fine dining restaurant,Ann Arbor Restaurant,Make It a Romantic Evening. Dine at a French-Asian Fusion Restaurant. ,www.MercysRestaurant.com,"Detroit, MI",1269153443
2,2,1,0,Memphis Steakhouse restaurant,Memphis BBQ Restaurant,"Memphis Style, Slow Cooked BBQ Since 1952. View Menus &amp; Pricing! ",TopsBarBQ.com,,1269053259
2,2,1,0,Columbus Italian restaurant,Italian Restaurant Menus,Menus from Intalian restaurants Find local Italian restaurants ,www.italian-restaurant-menus.com,,1269048861
2,2,1,0,Indianapolis Italian restaurant,Italian Restaurant Menus,Menus from Intalian restaurants Find local Italian restaurants ,www.italian-restaurant-menus.com,,1269048834
3,3,1,0,Milwaukee Italian restaurant,Italian Restaurant Menus,Menus from Intalian restaurants Find local Italian restaurants ,www.italian-restaurant-menus.com,,1269048946
2,2,1,0,Sacramento Italian restaurant,Italian Restaurant Menus,Menus from Intalian restaurants Find local Italian restaurants ,www.italian-restaurant-menus.com,,1269049071
2,2,1,0,San Antonio Italian restaurant,Italian Restaurant Menus,Menus from Intalian restaurants Find local Italian restaurants ,www.italian-restaurant-menus.com,,1269048754
3,3,1,0,Seattle Italian restaurant,Italian Restaurant Menus,Menus from Intalian restaurants Find local Italian restaurants ,www.italian-restaurant-menus.com,,1269048966
4,2,0.5,1,Phoenix best restaurant,Aunt Chilada&#39;s Restaurant,"Mexican Restaurant and Bar Restaurant, Weddings, Banquets ",www.auntchiladas.com,"Phoenix, AZ",1269155316
2,1,0.5,1,Phoenix Mexican restaurant,Aunt Chilada&#39;s Restaurant,"Mexican Restaurant and Bar Restaurant, Weddings, Banquets ",www.auntchiladas.com,"Phoenix, AZ",1269152590
2,2,1,0,Phoenix romantic restaurant,Aunt Chilada&#39;s Restaurant,"Mexican Restaurant and Bar Restaurant, Weddings, Banquets ",www.auntchiladas.com,"Phoenix, AZ",1269153931
3,1,0.333333333,1,Seattle Sushi restaurant,Haru Sushi,Modern Japanese Cuisine. Sushi and Specialty Cocktails. ,www.harusushi.com,,1269051806
2,1,0.5,1,San Diego Bar restaurant,Sports Bar In Chula Vista,"Monday Night Football in Here! All Football Pro Game, Great Food ",CentercutSportsBar.AdzZoo.com,,1269132446
2,2,1,0,Oakland best restaurant,Gitane Restaurant &amp; Bar,"Named after the freewheeling gypsy funky, and artistically bold ",www.gitanerestaurant.com/,"6 Claude Ln, San Francisco, CA",1269155975
4,1,0.25,1,Dallas fine dining restaurant,LOFT 610 -- Dallas/Plano,New Executive Chef Tre Wilcox Lunch. Dinner. Nightlife. ,www.loft610.com,"Dallas-Ft. Worth, TX",1269153409
2,2,1,0,Milwaukee romantic restaurant,Ann&#39;s Italian Restaurant,"Not Just Milwaukee&#39;s Best Pizza. Lasagna, Ravioli, Wine, Open Late ",www.annsitalian.com,"Milwaukee, WI",1269154086
4,1,0.25,1,New York Spanish restaurant,Bogota Latin Bistro,NYC&#39;s best latin restaurant serving foods of Colombia &amp; Latin America ,BogotaBistro.com,"New York, NY",1269151156
2,2,1,0,Seattle Tapas restaurant,"Pomodoro, Seattle","Offers Authentic Spanish Tapas, and Avant-Garde Italian Cuisine ",www.pomodoro.net,,1269150871
4,3,0.75,0,San Diego best restaurant,Cafe Japengo,Official Site. Cafe Japengo San Diego Sushi Restaurant. ,www.CafeJapengo.com,"8960 University Center Lane, San Diego",1269155348
2,1,0.5,1,Atlanta romantic restaurant,Romantic Hotel Packages,Official Site: The Georgian Terrace Romantic Hotel. Book Online Today. ,TheGeorgianTerrace.com,,1269154186
2,1,0.5,1,New York Chinese restaurant,FireBird Times Square NY,One block form Times square Dining In the Theater District ,www.firebirdrestaurant.com,,1269050134
3,1,0.333333333,1,Boston Brazilian steakhouse,Steakhouse Boston,One of Boston&#39;s Finest Dining Experiences. Book Your Table Today! ,TheOakRoom.com,"Boston, MA-Manchester, NH",1269148709
3,1,0.333333333,1,Boston fine dining restaurant,Boston Fine Dining Restaurant,One of Boston&#39;s Finest Dining Experiences. Book Your Table Today! ,TheOakRoom.com,"Boston, MA-Manchester, NH",1269153545
2,2,1,0,Arlington Steakhouse restaurant,Ruth&#39;s Chris Steak House,Online reservations now available. Book your Arlington table now. ,www.ruthschris.com,"Arlington, VA",1269053564
3,2,0.666666667,1,Baltimore fine dining restaurant,Ruth&#39;s Chris Steak House,Online reservations now available. Book your Baltimore table now. ,www.ruthschris.com,,1269153536
3,1,0.333333333,1,Los Angeles fine dining restaurant,Ruth&#39;s Chris Steak House,Online reservations now available. Book your Beverly Hills table now. ,www.ruthschris.com,"224 South Beverly Drive, Beverly Hills, CA",1269153341
2,1,0.5,1,Raleigh fine dining restaurant,Ruth&#39;s Chris Steak House,Online reservations now available. Book your Cary table now. ,www.ruthschris.com,"Raleigh-Durham (Fayetteville), NC",1269153779
4,2,0.5,1,Chicago fine dining restaurant,Ruth&#39;s Chris Steak House,Online reservations now available. Book your Chicago table now. ,www.ruthschris.com,"Chicago, IL",1269153352
3,1,0.333333333,1,Dallas Steak restaurant,Ruth&#39;s Chris Steak House,Online reservations now available. Book your Dallas table now. ,www.ruthschris.com,"Dallas-Ft. Worth, TX",1269053690
2,1,0.5,1,Kansas City fine dining restaurant,Ruth&#39;s Chris Steak House,Online reservations now available. Book your Kansas City table now. ,www.ruthschris.com,"Kansas City, MO",1269153716
3,3,1,0,Melbourne fine dining restaurant,Ruth&#39;s Chris Steak House,Online reservations now available. Book your Philadelphia table now. ,www.ruthschris.com,"Philadelphia, PA",1269153875
3,2,0.666666667,1,Philadelphia Steak restaurant,Ruth&#39;s Chris Steak House,Online reservations now available. Book your Philadelphia table now. ,www.ruthschris.com,"Philadelphia, PA",1269053668
3,2,0.666666667,1,San Antonio fine dining restaurant,Ruth&#39;s Chris Steak House,Online reservations now available. Book your San Antonio table now. ,www.ruthschris.com,,1269153402
4,1,0.25,1,San Diego fine dining restaurant,Ruth&#39;s Chris Steak House,Online reservations now available. Book your San Diego table now. ,www.ruthschris.com,"San Diego, CA",1269153419
2,1,0.5,1,San Francisco fine dining restaurant,Ruth&#39;s Chris Steak House,Online reservations now available. Book your San Francisco table now. ,www.ruthschris.com,"San Francisco, CA",1269153457
3,1,0.333333333,1,Seattle Thai restaurant,Chantanee Thai Restaurant,Open for Dinner &amp; Cocktails Daily. Delicious Food. Great Night Life. ,www.Chantanee.com,"Seattle, WA",1269049646
3,3,1,0,San Antonio fine dining restaurant,Crumpet&#39;s Restaurant &amp;,"open for lunch and dinner ,patio , casual gourmet , full bar, ",www.CrumpetsA.com,"3920 Harry Wurzbach Rd, San Antonio, TX",1269153402
4,1,0.25,1,San Francisco best restaurant,SF&#39;s Best Seafood &amp; Views,Open Table Diner&#39;s Choice Winner Best Scenic View in SF Bay Area ,www.FogHarborFishHouse.com,"San Francisco-Oakland-San Jose, CA",1269155379
2,2,1,0,Sacramento Vegan restaurant,&quot;Naan&quot;-Dairy Indian Food,Our Naans Are Not Made With Yogurt Other Vegan Options Also Available ,www.matisindianexpress.com,"Sacramento, CA",1269055674
4,3,0.75,0,San Diego Steak restaurant,The Prado at Balboa Park,"Outdoor Dining, Lounge, Happy Hour. In San Diego&#39;s Famous Balboa Park. ",www.pradobalboa.com,,1269053699
4,4,1,0,San Diego Steakhouse restaurant,The Prado at Balboa Park,"Outdoor Dining, Lounge, Happy Hour. In San Diego&#39;s Famous Balboa Park. ",www.pradobalboa.com,,1269053159
2,2,1,0,San Diego Tapas restaurant,The Prado at Balboa Park,"Outdoor Dining, Lounge, Happy Hour. In San Diego&#39;s Famous Balboa Park. ",www.pradobalboa.com,,1269150711
3,2,0.666666667,1,Boston romantic restaurant,Restaurant romantic boston,Pairings Boston - celebrate the relationship between food &amp; drink. ,www.pairingsboston.com,"Boston, MA-Manchester, NH",1269154071
2,2,1,0,Louisville Italian restaurant,Proof on Main,Part of the 21c Museum Hotel. Award winning restaurant. ,www.ProofonMain.com,"Louisville, KY",1269049013
2,1,0.5,1,Portland Italian restaurant,Italian Restaurant,Pastini Pastaria - Italian bistros using fresh local ingredients ,www.Pastini.com,"Sw Capitol Hwy, Portland, OR 97219",1269049003
4,3,0.75,0,Chicago best restaurant,Best Restaurant,Persian &amp; Mediterranean Cuisine. Visit Us or Call (312) 265-3388. ,www.RezasRestaurant.com,"Chicago, IL",1269155301
4,3,0.75,0,Philadelphia Bar restaurant,Restaurant &amp; Bars,Philly&#39;s Big. Find Clubs that Don&#39;t Suck before the People who Do ,Thrillist.com,"Philadelphia, PA",1269132416
2,2,1,0,Phoenix Bar restaurant,Bar Restaurant Phoenix,"Phoenix Martini Lounge. Great Specials, Music &amp; Food. 56th St. ",www.BlueMartiniLounge.com,,1269132404
2,2,1,0,New York French restaurant,Manhattan Funeral Homes,"Phone, Contact Name, Street Address Get consumer ratings too - all free ",Otrib.com,,1269147126
3,3,1,0,Los Angeles fine dining restaurant,Fine Dining Los Angeles,"Premier Jazz Club, Top Musicians. State-of-Art Sound. Great Cuisine! ",www.Spazio.la,"Los Angeles, CA",1269153341
3,2,0.666666667,1,Los Angeles Italian restaurant,Italian Restaurant Los Angeles,"Premier Jazz Club, Top Musicians. State-of-Art Sound. Great Cuisine! ",www.Spazio.la,"Los Angeles, CA",1269048698
4,3,0.75,0,Miami fine dining restaurant,Grimpa Steakhouse,Premium beef. Premium taste. 305.455.4757 ,www.grimpa.com,"901 Brickell Plaza, Miami, FL 33130",1269153755
2,1,0.5,1,Miami French restaurant,Grimpa Steakhouse,Premium beef. Premium taste. 305.455.4757 ,www.grimpa.com,"901 Brickell Plaza, Miami, FL 33130",1269147550
4,1,0.25,1,Miami healthy restaurant,Grimpa Steakhouse,Premium beef. Premium taste. 305.455.4757 ,www.grimpa.com,"901 Brickell Plaza, Miami, FL 33130",1269155151
2,1,0.5,1,Miami Spanish restaurant,Grimpa Steakhouse,Premium beef. Premium taste. 305.455.4757 ,www.grimpa.com,"901 Brickell Plaza, Miami, FL 33130",1269152423
2,1,0.5,1,Miami Tapas restaurant,Grimpa Steakhouse,Premium beef. Premium taste. 305.455.4757 ,www.grimpa.com,"901 Brickell Plaza, Miami, FL 33130",1269151035
5,4,0.8,0,Oakland Bar restaurant,Bar Restaurant,Prime Spot Bar and Grill in Oakland CA. Delicious Steak and Prime Rib. ,PrimeSpotBarAndGrill.com,"San Francisco-Oakland-San Jose, CA",1269132791
4,4,1,0,Philadelphia fine dining restaurant,Casual Romantic Dining,"Relaxed &amp; Friendly Near Rittenhouse 261 S. 21st St. Philadelphia, PA. ",www.fridaysaturdaysunday.com,,1269153389
2,1,0.5,1,Arlington romantic restaurant,Romance Her at Fleming&#39;s,Reserve now for a perfect romantic evening of dining at Fleming&#39;s. ,www.FlemingsSteakhouse.com,,1269154692
3,1,0.333333333,1,Austin romantic restaurant,Romance Her at Fleming&#39;s,Reserve now for a perfect romantic evening of dining at Fleming&#39;s. ,www.FlemingsSteakhouse.com,,1269154015
3,1,0.333333333,1,Charlotte romantic restaurant,Romance Her at Fleming&#39;s,Reserve now for a perfect romantic evening of dining at Fleming&#39;s. ,www.FlemingsSteakhouse.com,,1269154040
2,1,0.5,1,Columbus romantic restaurant,Romance Her at Fleming&#39;s,Reserve now for a perfect romantic evening of dining at Fleming&#39;s. ,www.FlemingsSteakhouse.com,,1269154025
3,1,0.333333333,1,Dallas romantic restaurant,Romance Her at Fleming&#39;s,Reserve now for a perfect romantic evening of dining at Fleming&#39;s. ,www.FlemingsSteakhouse.com,,1269153958
2,1,0.5,1,Denver romantic restaurant,Romance Her at Fleming&#39;s,Reserve now for a perfect romantic evening of dining at Fleming&#39;s. ,www.FlemingsSteakhouse.com,,1269154101
4,1,0.25,1,Fort Worth romantic restaurant,Romance Her at Fleming&#39;s,Reserve now for a perfect romantic evening of dining at Fleming&#39;s. ,www.FlemingsSteakhouse.com,,1269154033
2,1,0.5,1,Fresno romantic restaurant,Romance Her at Fleming&#39;s,Reserve now for a perfect romantic evening of dining at Fleming&#39;s. ,www.FlemingsSteakhouse.com,,1269154206
3,1,0.333333333,1,Houston romantic restaurant,Romance Her at Fleming&#39;s,Reserve now for a perfect romantic evening of dining at Fleming&#39;s. ,www.FlemingsSteakhouse.com,,1269153921
3,1,0.333333333,1,Las Vegas romantic restaurant,Romance Her at Fleming&#39;s,Reserve now for a perfect romantic evening of dining at Fleming&#39;s. ,www.FlemingsSteakhouse.com,,1269154135
3,1,0.333333333,1,Los Angeles romantic restaurant,Romance Her at Fleming&#39;s,Reserve now for a perfect romantic evening of dining at Fleming&#39;s. ,www.FlemingsSteakhouse.com,,1269153899
2,1,0.5,1,Memphis romantic restaurant,Romance Her at Fleming&#39;s,Reserve now for a perfect romantic evening of dining at Fleming&#39;s. ,www.FlemingsSteakhouse.com,,1269154054
3,1,0.333333333,1,Miami romantic restaurant,Romance Her at Fleming&#39;s,Reserve now for a perfect romantic evening of dining at Fleming&#39;s. ,www.FlemingsSteakhouse.com,,1269154289
3,1,0.333333333,1,Minneapolis romantic restaurant,Romance Her at Fleming&#39;s,Reserve now for a perfect romantic evening of dining at Fleming&#39;s. ,www.FlemingsSteakhouse.com,,1269154663
4,1,0.25,1,New York romantic restaurant,Romance Her at Fleming&#39;s,Reserve now for a perfect romantic evening of dining at Fleming&#39;s. ,www.FlemingsSteakhouse.com,,1269153884
3,1,0.333333333,1,Oakland romantic restaurant,Romance Her at Fleming&#39;s,Reserve now for a perfect romantic evening of dining at Fleming&#39;s. ,www.FlemingsSteakhouse.com,,1269154298
4,1,0.25,1,Philadelphia romantic restaurant,Romance Her at Fleming&#39;s,Reserve now for a perfect romantic evening of dining at Fleming&#39;s. ,www.FlemingsSteakhouse.com,,1269153937
2,1,0.5,1,Phoenix romantic restaurant,Romance Her at Fleming&#39;s,Reserve now for a perfect romantic evening of dining at Fleming&#39;s. ,www.FlemingsSteakhouse.com,,1269153931
2,1,0.5,1,San Antonio romantic restaurant,Romance Her at Fleming&#39;s,Reserve now for a perfect romantic evening of dining at Fleming&#39;s. ,www.FlemingsSteakhouse.com,,1269153944
4,1,0.25,1,San Diego romantic restaurant,Romance Her at Fleming&#39;s,Reserve now for a perfect romantic evening of dining at Fleming&#39;s. ,www.FlemingsSteakhouse.com,,1269153966
3,1,0.333333333,1,San Francisco romantic restaurant,Romance Her at Fleming&#39;s,Reserve now for a perfect romantic evening of dining at Fleming&#39;s. ,www.FlemingsSteakhouse.com,,1269153988
2,1,0.5,1,San Jose romantic restaurant,Romance Her at Fleming&#39;s,Reserve now for a perfect romantic evening of dining at Fleming&#39;s. ,www.FlemingsSteakhouse.com,,1269153972
3,1,0.333333333,1,Seattle romantic restaurant,Romance Her at Fleming&#39;s,Reserve now for a perfect romantic evening of dining at Fleming&#39;s. ,www.FlemingsSteakhouse.com,,1269154112
2,1,0.5,1,Sydney romantic restaurant,Romance Her at Fleming&#39;s,Reserve now for a perfect romantic evening of dining at Fleming&#39;s. ,www.FlemingsSteakhouse.com,,1269154732
3,1,0.333333333,1,Vancouver romantic restaurant,Romance Her at Fleming&#39;s,Reserve now for a perfect romantic evening of dining at Fleming&#39;s. ,www.FlemingsSteakhouse.com,,1269154697
3,1,0.333333333,1,Melbourne fine dining restaurant,Fleming&#39;s: Reserve Online,"Reserve now for our prime steak, seafood and world-class wine. ",www.FlemingsSteakhouse.com,,1269153875
3,2,0.666666667,1,Houston Steakhouse restaurant,Fleming&#39;s in Texas,Reserve now to enjoy aged prime steak and perfect wine pairings. ,FlemingsSteakhouse.com,Texas,1269053107
4,4,1,0,Chicago best restaurant,Flemings Prime Steakhouse,Reserve online for the best prime steak and wine in the Chicago area. ,FlemingsSteakhouse.com,"Chicago, IL",1269155301
3,2,0.666666667,1,Chicago Steak restaurant,Flemings Prime Steakhouse,Reserve online for the best prime steak and wine in the Chicago area. ,FlemingsSteakhouse.com,"Chicago, IL",1269053645
3,2,0.666666667,1,Milwaukee Steak restaurant,Dine at Fleming&#39;s Tonight,"Reserve online: Enjoy our prime steak, seafood &amp; world-class wine. ",FlemingsSteakhouse.com,Wisconsin,1269054213
2,1,0.5,1,Tucson fine dining restaurant,Dine at Fleming&#39;s Tonight,"Reserve online: Enjoy our prime steak, seafood &amp; world-class wine. ",FlemingsSteakhouse.com,Arizona,1269153644
3,2,0.666666667,1,Mesa romantic restaurant,Top Romantic Restaurant,Reserve Your Table At The Top-Rated Four Seasons Fountain Restaurant. ,FourSeasons.com/Philadelphia,"Philadelphia, PA",1269154237
3,1,0.333333333,1,Milwaukee Italian restaurant,Milwaukee Italian Dining,"Restaurant Serving Seafood, Steak and Pizza. Call for Reservations! ",www.balistreris.net,"Milwaukee, WI",1269048946
2,1,0.5,1,Kansas City Japanese restaurant,Nara Japanese Restaurant,"Robata Open-Flame Cooking Sushi Bar, Late Night Happy Hour ",www.NaraKC.com,,1269052900
3,1,0.333333333,1,New York Mexican restaurant,Upscale Mexican Dining,Rocking Horse Cafe offers elegant food in a casual setting. ,www.rockinghorsecafe.com,"182 8th Ave, New York, NY",1269152547
4,1,0.25,1,San Diego best restaurant,San Diego Fine Dining,Romance By Daylight Or Starlight Along Picturesque Mission Bay. ,www.ParadisePoint.com,"1404 Vacation Road, San Diego, CA 92109",1269155348
4,4,1,0,New York fine dining restaurant,Casa La Femme Restaurant,Romantic Egyptian Restaurant in NY Belly dancers and private events. ,www.casalafemmeny.com,"New York, NY",1269153327
4,4,1,0,New York romantic restaurant,Casa La Femme Restaurant,Romantic Egyptian Restaurant in NY Belly dancers and private events. ,www.casalafemmeny.com,"New York, NY",1269153884
3,3,1,0,Charlotte romantic restaurant,Romantic Places Charlotte,"Romantic restaurants, cafes, and things to do in Charlotte ",www.centerd.com,,1269154040
4,1,0.25,1,San Diego Italian restaurant,IL Fornaio Trattoria,"San Diego&#39;s Authentic Italian Wine, Lunch &amp; Dinner. Banquets Welcome. ",www.ILFornaio.com/SanDiego,"San Diego, CA",1269048778
3,2,0.666666667,1,San Francisco Mexican restaurant, Mexican Restaurant,San Francisco Mexican Restaurant Specializing in Catering &amp; Parties ,MercedesRestaurant.com/,,1269152666
2,2,1,0,San Francisco fine dining restaurant,IL Fornaio Trattoria,San Francisco&#39;s Authentic Italian Restaurant. Banquets Welcome. ,www.ILFornaio.com/SanFrancisco,"San Francisco, CA",1269153457
2,1,0.5,1,Omaha Brazilian steakhouse,Omaha Steaks Special,Save Up to 66% on Omaha Steaks plus Get 12 Omaha Steaks Burgers Free! ,www.OmahaSteaks.com/FreeBurgers,,1269150471
2,2,1,0,Atlanta romantic restaurant,PEASANT bistro Downtown,Seasonal French/American Cuisine Near all Venues and Attractions ,www.peasantatl.com,"Atlanta, GA",1269154186
2,1,0.5,1,Seattle Bar restaurant,Seattle Restaurants Bar,Seattle&#39;s Big. Find Out Where to Go Before the People Who Suck Do. ,Thrillist.com,,1269132615
2,1,0.5,1,Chicago Japanese restaurant,Sushi Mon Japanese sushi,"Serving better sushi, sashimi and 1st Chicago style pressed sushi ",www.sushimonchicago.com,"2441 N Clark St, Chicago, IL",1269052151
4,4,1,0,San Diego best restaurant,CenterCut Restaurant,Serving Juicy Steaks And More. Come And eat Dine With Us Today! ,www.CenterCut.net,,1269155348
2,2,1,0,San Francisco Bar restaurant,SF Restaurant Bars,Sign Up for Thrillist&#39;s Updates on Hot New Bars &amp; Hidden Nightclubs! ,Thrillist.com,,1269132476
4,4,1,0,Atlanta Tapas restaurant,Spanish Class in atlanta,Spanish Classes for adults Spanish Afterschool program ,www.spanishclassesatlanta.com,"Atlanta, GA",1269150939
2,2,1,0,Miami Chinese restaurant,chinese restaurant miami,"Special Events, Parties and more Affordable Professional Catering ",QianlongChineseFood.AdzZoo.com,"Miami, FL",1269050585
3,2,0.666666667,1,Chicago Chinese restaurant,Golden Wok Restaurants,"Special Lent Menu, Chinese Cuisine Glen Ellyn &amp; LaGrange Park location ",www.goldenwok.us,,1269050153
2,2,1,0,Arlington romantic restaurant,Indigo Landing Restaurant,"Spectacular view of the Nation&#39;s Capital skyline from Alexandria, VA ",www.IndigoLanding.com,"1 Marina Dr, Alexandria, VA",1269154692
4,2,0.5,1,Dallas fine dining restaurant,Nana Restaurant Dallas,"Steak, Seafood and Fine Wine. One Of America&#39;s Top 50 Restaurants. ",www.NanaRestaurant.com,"2201 N. Stemmons Freeway, Dallas, TX",1269153409
2,1,0.5,1,Miami Brazilian steakhouse,Chophouse Miami,"Steaks, Seafood, Wine &amp; More. Call Now For Reservations. Miami. ",www.ChophouseMiami.com,"300 S. Biscayne Blvd., Miami, FL 33133",1269150512
2,1,0.5,1,Miami Mediterranean restaurant,Steakhouse Miami,"Steaks, Seafood, Wine &amp; More. Call Now For Reservations. Miami. ",www.ChophouseMiami.com,,1269146992
2,2,1,0,Miami Tapas restaurant,Steakhouse Miami,"Steaks, Seafood, Wine &amp; More. Call Now For Reservations. Miami. ",www.ChophouseMiami.com,,1269151035
3,2,0.666666667,1,Sacramento Sushi restaurant,Samurai Sushi,Sushi Made From Top Chefs Daily Drink &amp; Roll Specials! ,SamuraiSushi1.com/,"12251 Folsom Blvd, Rancho Cordova, CA",1269051905
4,1,0.25,1,Phoenix Chinese restaurant,Electric Eel Tepan Sushi,"Sushi, Teppan, Happy Hour, Dining. Formerly Blowfish Teppan and Sushi. ",www.electriceelsushi.com,30815 N. Cave Creek Rd Ste 132,1269050175
2,1,0.5,1,Phoenix Sushi restaurant,Sushi Restaurant Phoenix,"Sushi, Teppan, Happy Hour, Dining. Formerly Blowfish Teppan and Sushi. ",www.electriceelsushi.com,30815 N. Cave Creek Rd Ste 132,1269051606
3,3,1,0,Boston romantic restaurant,Feng Shui Restaurant,Sushi. Chinese. Buffet . Bar. Party Fine Asian Dining and Lounge ,www.FengShuiCohasset.com,"380 Chief Justice Cushing Hwy, Cohasset",1269154071
4,1,0.25,1,San Jose fine dining restaurant,Olio-Mediterranean Fusion,"Tantalizing Dishes &amp; Superb Wine. Downtown Campbell, CA. Call Now. ",www.olio-cafe.com,,1269153434
2,1,0.5,1,Los Angeles Thai restaurant,Gindi Thai / Sushi / Bar,Tasty Pad Thai. Delivered. Delivery: 818-567-1221 ,www.gindithai.com,"Los Angeles, CA",1269049417
2,1,0.5,1,Los Angeles Sushi restaurant,Gindi Thai / Sushi / Bar,"Thai food, Sushi in cool setting. Reservation 818-567-1221 ",www.gindithai.com,"4017 W Riverside Dr, Burbank, CA 91505",1269051571
2,1,0.5,1,El Paso Italian restaurant,Visit Peter Piper Pizza,"The Food&#39;s As Good As the Fun. Come For The Pizza, Stay For The Games! ",PeterPiperPizzaStores.com/Family,"6015 N Mesa St, El Paso, TX 79912",1269048932
3,1,0.333333333,1,Denver fine dining restaurant,Fleming&#39;s in Denver,The greatest steak you ever had. Easy online reservations. ,FlemingsSteakhouse.com,Colorado,1269153568
3,2,0.666666667,1,Denver Steakhouse restaurant,Fleming&#39;s in Denver,The greatest steak you ever had. Easy online reservations. ,FlemingsSteakhouse.com,Colorado,1269053323
3,1,0.333333333,1,Houston Steak restaurant,Fleming&#39;s in Texas,The greatest steak you ever had. Easy online reservations. ,FlemingsSteakhouse.com,Texas,1269053650
2,1,0.5,1,Memphis fine dining restaurant,Fleming&#39;s in Tennessee,The greatest steak you ever had. Easy online reservations. ,FlemingsSteakhouse.com,Tennessee,1269153530
2,1,0.5,1,Milwaukee romantic restaurant,Fleming&#39;s in Wisconsin,The greatest steak you ever had. Easy online reservations. ,FlemingsSteakhouse.com,Wisconsin,1269154086
2,1,0.5,1,Milwaukee Steakhouse restaurant,Fleming&#39;s in Wisconsin,The greatest steak you ever had. Easy online reservations. ,FlemingsSteakhouse.com,Wisconsin,1269053309
2,1,0.5,1,Nashville romantic restaurant,Fleming&#39;s in Tennessee,The greatest steak you ever had. Easy online reservations. ,FlemingsSteakhouse.com,Tennessee,1269154117
3,2,0.666666667,1,Tucson Steak restaurant,Fleming&#39;s in Arizona,The greatest steak you ever had. Easy online reservations. ,FlemingsSteakhouse.com,Arizona,1269054307
3,1,0.333333333,1,Los Angeles Steak restaurant,Ruth&#39;s Chris Steak House,The greatest steak you&#39;ve ever had. Beverly Hills online reservations. ,www.ruthschris.com,,1269053634
2,1,0.5,1,Austin Steakhouse restaurant,Ruth&#39;s Chris Steak House,The greatest steak you&#39;ve ever had. Reserve your Austin table now. ,www.ruthschris.com,,1269053211
3,2,0.666666667,1,Boston fine dining restaurant,Ruth&#39;s Chris Steak House,The greatest steak you&#39;ve ever had. Reserve your Boston table now. ,www.ruthschris.com/boston,,1269153545
3,2,0.666666667,1,Minneapolis fine dining restaurant,Ruth&#39;s Chris Steak House,The greatest steak you&#39;ve ever had. Reserve your Minneapolis table now. ,www.ruthschris.com,,1269153795
2,1,0.5,1,Minneapolis Steak restaurant,Ruth&#39;s Chris Steak House,The greatest steak you&#39;ve ever had. Reserve your Minneapolis table now. ,www.ruthschris.com,,1269054460
2,1,0.5,1,Minneapolis Steakhouse restaurant,Ruth&#39;s Chris Steak House,The greatest steak you&#39;ve ever had. Reserve your Minneapolis table now. ,www.ruthschris.com,,1269053537
3,3,1,0,Baltimore fine dining restaurant,The Prime Rib Fine Dining,The Prime Rib Restaurant For All Special Occasions. DC/MD/PA ,www.theprimerib.com,,1269153536
2,2,1,0,Cleveland Steak restaurant,Sergio&#39;s Sarava,"The Rhythm and Flavors of Brazil... Great people, food, and patios! ",www.sergioscleveland.com,"13225 Shaker Sq, Cleveland, OH",1269054391
4,3,0.75,0,New York Spanish restaurant,Don Coqui,The Shortcut To Puerto Rico Fine Puerto Rican Dining in NY ,www.DonCoqui.com,"115 Cedar St, New Rochelle, NY 10801",1269151156
3,3,1,0,Minneapolis romantic restaurant,Romantic Restaurant,Traditional Irish Restaurant &amp; Bar Great Lunch Specials - Excelsior. ,www.JakeOConnors.com,,1269154663
4,2,0.5,1,Miami healthy restaurant,Healthy Eating,"Try Blue Diamond Nut-Thins, loaded with the health benefits of nuts! ",www.bluediamond.com,,1269155151
4,4,1,0,Miami healthy restaurant,Eat Healthy Lunch Meals,Try New Healthy Mixers For Fast Tasty Lunches. Microwave in minutes ,HealthyChoice.com/Fresh-Mixers,,1269155151
2,2,1,0,Austin fine dining restaurant,Dining Restaurant Austin,Unique European Cuisine in Austin. Happy Hour Specials. Visit Tonight. ,www.PecheAustin.com,,1269153491
3,2,0.666666667,1,Austin romantic restaurant,Romantic Restaurant Austin,Unique European Cuisine in Austin. Happy Hour Specials. Visit Tonight. ,www.PecheAustin.com,,1269154015
2,1,0.5,1,Boston Middle Eastern restaurant,Moroccan &amp; Middle Eastern,Unique Furniture-Lighting-Jewelry Syrian Mother-of-Pearl Inlay ,wunderley.com,,1269140717
3,3,1,0,Washington romantic restaurant,Romantic Restaurant,"Unique Menus Prepared Every Evening Over 15,000 Fine Wines Available! ",wrpage.com/Antrim,"Washington, DC (Hagerstown, MD)",1269154125
2,1,0.5,1,Cleveland romantic restaurant,Fleming&#39;s Has It All,"USDA prime steaks, fresh seafood and 100 wines by the glass. ",FlemingsSteakhouse.com,Ohio,1269154269
2,1,0.5,1,Long Beach Bar restaurant,Long Beach Restaurant Bar,Variety of Sports Played on our TVs Great Food. Many Events. Come Over! ,www.TheSpringbok.com/Restaurant,"423 Shoreline Village Dr, Long Beach, CA",1269132723
2,1,0.5,1,Long Beach Italian restaurant,Long Beach Restaurant Bar,Variety of Sports Played on our TVs Great Food. Many Events. Come Over! ,www.TheSpringbok.com/Restaurant,"423 Shoreline Village Dr, Long Beach, CA",1269049079
3,3,1,0,Virginia Beach romantic restaurant,Steinhilber&#39;s Restaurant,Virginia Beach legend serving seafood and steaks since 1939 ,www.steinys.com,"653 Thalia Rd, Virginia Beach, VA",1269154277
2,1,0.5,1,Virginia Beach Steak restaurant,Steinhilber&#39;s Restaurant,Virginia Beach legend serving seafood and steaks since 1939 ,www.steinys.com,"653 Thalia Rd, Virginia Beach, VA",1269054396
3,1,0.333333333,1,Atlanta best restaurant,Wisteria Restaurant,Voted Best of Atlanta Restaurants Best Neighborhood-Southern Cuisine ,wisteria-atlanta.com,Georgia,1269155601
4,3,0.75,0,Atlanta Tapas restaurant,Wisteria Restaurant,Voted Best of Atlanta Restaurants Best Neighborhood-Southern Cuisine ,wisteria-atlanta.com,Georgia,1269150939
2,2,1,0,Las Vegas Steakhouse restaurant,Charlie Palmer Steak,Voted Best Steakhouse in Las Vegas by Las Vegas Review. Reserve Online ,www.charliepalmer.com,"Las Vegas, NV",1269053364
4,2,0.5,1,San Diego Mexican restaurant,Cafe Coyote in Old Town,"Voted Top Mexican 2005, 2006 &amp; 2008 Authentic Mexican Food In San Diego ",www.cafecoyoteoldtown.com,,1269152639
3,1,0.333333333,1,Baltimore fine dining restaurant,Restaurant Furniture,"Wholesale Chairs, Tables &amp; More. Indoor &amp; Outdoor. Free Quote. ",www.beaufurn.com,,1269153536
4,1,0.25,1,Colorado Springs fine dining restaurant,Restaurant Furniture,"Wholesale Chairs, Tables &amp; More. Indoor &amp; Outdoor. Free Quote. ",www.beaufurn.com,,1269153807
2,2,1,0,Nashville fine dining restaurant,Restaurant Furniture,"Wholesale Chairs, Tables &amp; More. Indoor &amp; Outdoor. Free Quote. ",www.beaufurn.com,,1269153585
2,1,0.5,1,Las Vegas Sushi restaurant,Sushi Roku Las Vegas,Winner: Best Japanese Restaurant. Amazing Strip Views. @ Forum Shops ,www.sushiroku.com,,1269051833
